Link,Category
https://www.economist.com/,Business & Politics
https://www.bloomberg.com/,Business & Politics
https://www.politico.com/,Business & Politics
https://www.cnn.com/politics,Business & Politics
https://www.reuters.com/politics,Business & Politics
https://www.theatlantic.com/politics/,Business & Politics
https://www.brookings.edu/,Business & Politics
https://thehill.com/,Business & Politics
https://www.politicopro.com/,Business & Politics
https://www.theguardian.com/politics,Business & Politics
https://www.realclearpolitics.com/,Business & Politics
https://www.nytimes.com/section/politics,Business & Politics
https://www.bbc.com/news/politics,Business & Politics
https://www.washingtonpost.com/politics/,Business & Politics
https://www.npr.org/sections/politics/,Business & Politics
https://theconversation.com/us/politics,Business & Politics
https://fivethirtyeight.com/politics/,Business & Politics
https://www.usatoday.com/news/politics/,Business & Politics
https://www.independent.co.uk/news/world/politics,Business & Politics
https://www.thetimes.co.uk/topic/politics,Business & Politics
https://abcnews.go.com/politics,Business & Politics
https://www.nbcnews.com/politics,Business & Politics
https://www.rollcall.com/,Business & Politics
https://www.financialexpress.com/politics/,Business & Politics
https://www.c-span.org/,Business & Politics
https://theconversation.com/us/business-economy,Business & Politics
https://www.pewresearch.org/topics/politics-and-policy/,Business & Politics
https://www.uschamber.com/,Business & Politics
https://www.brookings.edu/research/governance-studies/,Business & Politics
https://www.weforum.org/agenda,Business & Politics
https://www.fool.com/,Business & Politics
https://www.thestreet.com/,Business & Politics
https://www.marketwatch.com/,Business & Politics
https://www.investopedia.com/,Business & Politics
https://sloanreview.mit.edu/,Business & Politics
https://ew.com/,Entertainment & Lifestyle
https://variety.com/,Entertainment & Lifestyle
https://pitchfork.com/,Entertainment & Lifestyle
https://www.hollywoodreporter.com/,Entertainment & Lifestyle
https://www.buzzfeed.com/entertainment,Entertainment & Lifestyle
https://www.gq.com/,Entertainment & Lifestyle
https://www.psychologytoday.com/us,Entertainment & Lifestyle
https://www.bbc.com/culture,Entertainment & Lifestyle
https://www.popsugar.com/,Entertainment & Lifestyle
https://www.insider.com/,Entertainment & Lifestyle
https://www.theguardian.com/lifeandstyle,Entertainment & Lifestyle
https://www.newyorker.com/culture,Entertainment & Lifestyle
https://www.dazeddigital.com/,Entertainment & Lifestyle
https://www.highsnobiety.com/,Entertainment & Lifestyle
https://www.philosophersmag.com/,Entertainment & Lifestyle
https://www.theparisreview.org/,Entertainment & Lifestyle
https://www.artsy.net/,Entertainment & Lifestyle
https://www.pewresearch.org/topics/social-media/,Entertainment & Lifestyle
https://www.nasa.gov/,Technology & Science
https://www.popsci.com/,Technology & Science
https://www.wired.com/category/science/,Technology & Science
https://www.ted.com/topics/science,Technology & Science
https://www.khanacademy.org/,Technology & Science
https://www.coursera.org/,Technology & Science
https://www.si.edu/,Technology & Science
https://www.theatlantic.com/education/,Technology & Science
https://www.nea.org/,Technology & Science
https://en.unesco.org/themes/education,Technology & Science
https://lithub.com/,Technology & Science
https://www.brainpickings.org/,Technology & Science
https://www.gutenberg.org/,Technology & Science
https://www.poetryfoundation.org/,Technology & Science
https://iep.utm.edu/,Technology & Science
https://www.livescience.com/,Technology & Science
https://www.space.com/,Technology & Science
https://www.bbc.com/future,Technology & Science
https://www.quantamagazine.org/,Technology & Science
https://nautil.us/,Technology & Science
https://www.theatlantic.com/technology/,Technology & Science
https://www.wired.com/category/tech/,Technology & Science
https://www.techradar.com/,Technology & Science
https://www.theverge.com/tech,Technology & Science
https://arstechnica.com/,Technology & Science
https://spectrum.ieee.org/,Technology & Science
https://www.inc.com/,Business & Politics
https://www.sba.gov/,Business & Politics
https://www.investopedia.com/,Business & Politics
https://www.fastcompany.com/,Business & Politics
https://www.bloomberg.com/businessweek,Business & Politics
https://www.foreignaffairs.com/,Business & Politics
https://jacobin.com/,Business & Politics
https://www.commondreams.org/,Business & Politics
https://www.realclearpolitics.com/,Business & Politics
https://www.nationalreview.com/,Business & Politics
https://www.theamericanconservative.com/,Business & Politics
https://theintercept.com/,Business & Politics
https://progressive.org/,Business & Politics
https://www.nme.com/,Entertainment & lifestyle
https://www.complex.com/,Entertainment & lifestyle
https://www.rottentomatoes.com/,Entertainment & lifestyle
https://www.forbes.com/,Business & Politics
https://hbr.org/,Business & Politics
https://www.cnbc.com/,Business & Politics
https://www.ft.com/,Business & Politics
https://www.businessinsider.com/,Business & Politics
